SalesOrderID;ProductID;SalesOrderDetailID;OrderQty;UnitPrice;UnitPriceDiscount;LineTotal;rowguid;ModifiedDate;;;;;;;;
71774;822;110563;1;356,898;0;356.898000;5C77F557-FDB6-43BA-90B9-9A7AEC55CA32;2008-06-01 00:00:00.000;;;;;;;;
71774;836;110562;1;356,898;0;356.898000;E3A1994C-7A68-4CE8-96A3-77FDD3BBD730;2008-06-01 00:00:00.000;;;;;;;;
71776;907;110567;1;63,9;0;63.900000;6DBFE398-D15D-425E-AA58-88178FE360E5;2008-06-01 00:00:00.000;;;;;;;;
71780;743;110622;1;809,76;0;809.760000;8BD33BED-C4F6-4D44-84FB-A7D04AFCD794;2008-06-01 00:00:00.000;;;;;;;;
71780;748;110619;2;818,7;0;1637.400000;B12F0D3B-5B4E-4F1F-B2F0-F7CDE99DD826;2008-06-01 00:00:00.000;;;;;;;;
71780;780;110625;4;1391,994;0;5567.976000;644B0CD6-B2C3-4E4D-AB43-091C2EF6C829;2008-06-01 00:00:00.000;;;;;;;;
71780;782;110623;4;1376,994;0;5507.976000;686999FB-42E6-4D00-9A14-83FFA86833E3;2008-06-01 00:00:00.000;;;;;;;;
71780;783;110638;5;1376,994;0;6884.970000;332DCF9E-DFD2-4345-9015-F4B53AC396EE;2008-06-01 00:00:00.000;;;;;;;;
71780;809;110639;3;37,152;0;111.456000;C2B08405-A9BE-4F71-906C-5D7B1E26BDE4;2008-06-01 00:00:00.000;;;;;;;;
71780;810;110640;1;72,162;0;72.162000;351A29FB-CEB1-4CA6-BB36-506D87B82A95;2008-06-01 00:00:00.000;;;;;;;;
71780;867;110627;6;41,994;0;251.964000;AC78838D-B503-41A5-9791-480E528F028C;2008-06-01 00:00:00.000;;;;;;;;
71780;869;110643;7;41,994;0;293.958000;169C75F6-A364-46E3-8DDB-033528177458;2008-06-01 00:00:00.000;;;;;;;;
71780;880;110644;1;32,994;0;32.994000;C3FBB3EC-3FF6-4EE1-88CF-230E128815F3;2008-06-01 00:00:00.000;;;;;;;;
71780;905;110616;4;218,454;0;873.816000;377246C9-4483-48ED-A5B9-E56F005364E0;2008-06-01 00:00:00.000;;;;;;;;
71780;918;110624;2;158,43;0;316.860000;82940B03-C70B-4183-8660-6B3418908429;2008-06-01 00:00:00.000;;;;;;;;
71780;925;110642;1;149,874;0;149.874000;21624302-CA0F-402F-8A46-5A3FFFA7D5F3;2008-06-01 00:00:00.000;;;;;;;;
71780;926;110621;1;149,874;0;149.874000;92E5052B-72D0-4C91-9A8C-42591803667E;2008-06-01 00:00:00.000;;;;;;;;
71780;935;110641;2;24,294;0;48.588000;1918CFD2-69E8-4593-B4D6-8677F18B8F62;2008-06-01 00:00:00.000;;;;;;;;
71780;937;110626;1;48,594;0;48.594000;7F5FEB17-8EF4-4236-9F1C-15046D9638F0;2008-06-01 00:00:00.000;;;;;;;;
71780;981;110636;2;461,694;0;923.388000;26C00B7D-6E19-4FBF-B9F1-23C2609E8893;2008-06-01 00:00:00.000;;;;;;;;
71780;982;110637;3;461,694;0;1385.082000;6666A81B-90A1-4204-A39E-9F660CA43E5F;2008-06-01 00:00:00.000;;;;;;;;
71780;983;110617;2;461,694;0;923.388000;43A54BCD-536D-4A1B-8E69-24D083507A14;2008-06-01 00:00:00.000;;;;;;;;
71780;984;110633;2;112,998;0,4;135.597600;27562675-F8C3-4A38-BD9E-B366B83E5204;2008-06-01 00:00:00.000;;;;;;;;
71780;985;110628;1;112,998;0,4;67.798800;2C10A282-A13D-442A-8F45-F4D6B23A7D9C;2008-06-01 00:00:00.000;;;;;;;;
71780;986;110634;3;112,998;0,4;203.396400;E193CE39-EF33-4969-87B1-468D2F7B48AD;2008-06-01 00:00:00.000;;;;;;;;
71780;987;110635;3;112,998;0,4;203.396400;E38E076F-5072-437A-A771-ADA53B5AB803;2008-06-01 00:00:00.000;;;;;;;;
71780;988;110618;6;112,998;0,4;406.792800;12706FAB-F3A2-48C6-B7C7-1CCDE4081F18;2008-06-01 00:00:00.000;;;;;;;;
71780;989;110629;2;323,994;0;647.988000;654FB79E-70DF-4B92-9832-9FA67013215B;2008-06-01 00:00:00.000;;;;;;;;
71780;990;110620;1;323,994;0;323.994000;F117A449-039D-44B8-A4B2-B12001DACC01;2008-06-01 00:00:00.000;;;;;;;;
71780;991;110630;3;323,994;0;971.982000;3D6CA7AB-055E-4536-8940-76234CC9BCDE;2008-06-01 00:00:00.000;;;;;;;;
71780;992;110631;1;323,994;0;323.994000;560FEEE1-DD54-4C34-ABB1-4F8841D0AA41;2008-06-01 00:00:00.000;;;;;;;;
71780;993;110632;2;323,994;0;647.988000;19570052-4023-4658-BC56-DC5C619BD00E;2008-06-01 00:00:00.000;;;;;;;;
71782;707;110709;3;20,994;0;62.982000;EEFF1625-7749-4F51-A01D-3A9776B774F1;2008-06-01 00:00:00.000;;;;;;;;
71782;708;110690;7;20,994;0;146.958000;4AA6F3DA-060B-4C22-B6B5-3A29C370AF8D;2008-06-01 00:00:00.000;;;;;;;;
71782;711;110708;6;20,994;0;125.964000;C4DF556D-3A50-4E6D-BA45-4AD9C58CB4D5;2008-06-01 00:00:00.000;;;;;;;;
71782;712;110670;10;5,394;0;53.940000;A7873B73-B47E-4A06-AFA4-805342A35E02;2008-06-01 00:00:00.000;;;;;;;;
71782;714;110667;3;29,994;0;89.982000;E3B48EC1-8E67-4EF8-8EE0-8898167A3598;2008-06-01 00:00:00.000;;;;;;;;
71782;715;110686;8;29,994;0;239.952000;4A23F5C7-D0C5-4703-8E42-69E9A280E9EF;2008-06-01 00:00:00.000;;;;;;;;
71782;859;110705;1;14,694;0;14.694000;84402784-60D8-4A3B-B982-97661B060511;2008-06-01 00:00:00.000;;;;;;;;
71782;864;110673;6;38,1;0;228.600000;C216D216-86CD-4E33-A713-6A97D344FA91;2008-06-01 00:00:00.000;;;;;;;;
71782;865;110706;4;38,1;0;152.400000;2FDE7943-7F34-42E3-A6F6-D8D8BA64103E;2008-06-01 00:00:00.000;;;;;;;;
71782;870;110677;6;2,994;0;17.964000;DC88BD9D-3DE5-49A7-B874-BADA950AB284;2008-06-01 00:00:00.000;;;;;;;;
71782;876;110674;3;72;0;216.000000;FD409A4F-DAB6-4499-81D2-07620F4ABA08;2008-06-01 00:00:00.000;;;;;;;;
71782;877;110671;10;4,77;0;47.700000;E7CB4BBF-3E8D-4C6E-8C87-C3D5A038266B;2008-06-01 00:00:00.000;;;;;;;;
71782;880;110707;9;32,994;0;296.946000;BC88C745-58EB-4681-9381-68FEF23D9334;2008-06-01 00:00:00.000;;;;;;;;
71782;881;110703;6;32,394;0;194.364000;87172507-65EE-414F-A162-1BC35F7AFF1F;2008-06-01 00:00:00.000;;;;;;;;
71782;883;110704;4;32,394;0;129.576000;A62B4EA2-985B-4C65-91D2-94E57A3B1A50;2008-06-01 00:00:00.000;;;;;;;;
71782;884;110684;4;32,394;0;129.576000;5324B298-176E-4E92-9FC6-ED0C4DB55235;2008-06-01 00:00:00.000;;;;;;;;
71782;885;110685;2;602,346;0;1204.692000;598385DD-EA19-409E-8F17-03AB651165D0;2008-06-01 00:00:00.000;;;;;;;;
71782;886;110700;1;200,052;0;200.052000;C09D7227-B5CB-4E1F-8489-C5456C71516E;2008-06-01 00:00:00.000;;;;;;;;
71782;892;110701;1;602,346;0;602.346000;00233509-2F29-4F6E-B84C-E1D38536D432;2008-06-01 00:00:00.000;;;;;;;;
71782;893;110702;1;602,346;0;602.346000;DF0FF5CA-B71F-49AB-852E-F4F1C934CE7A;2008-06-01 00:00:00.000;;;;;;;;
71782;894;110687;3;72,876;0;218.628000;EAAAE38B-FB67-4509-ABBD-FBAC1CAE2054;2008-06-01 00:00:00.000;;;;;;;;
71782;916;110699;1;31,584;0;31.584000;20812393-5001-46EB-A7F6-69C537CBB76E;2008-06-01 00:00:00.000;;;;;;;;
71782;945;110698;2;54,894;0;109.788000;2D3AEF50-9ACE-4B59-BE1F-B9D709ECBDE2;2008-06-01 00:00:00.000;;;;;;;;
71782;948;110680;1;63,9;0;63.900000;083CDD70-A4DF-44FD-863A-19B03DEEFBA4;2008-06-01 00:00:00.000;;;;;;;;
71782;951;110697;2;242,994;0;485.988000;35D889D9-676A-4B95-A2EA-28DA743C25A7;2008-06-01 00:00:00.000;;;;;;;;
71782;953;110695;1;728,91;0;728.910000;8C2BE39E-66D9-437D-8D18-233702BC27B5;2008-06-01 00:00:00.000;;;;;;;;
71782;954;110669;1;1430,442;0;1430.442000;8D3B14C1-DF49-4919-942C-3BB379D7BE42;2008-06-01 00:00:00.000;;;;;;;;
71782;955;110679;1;1430,442;0;1430.442000;1D44BF7E-9C42-4CA1-AFD6-E6DDF9D85BC5;2008-06-01 00:00:00.000;;;;;;;;
71782;956;110668;3;1430,442;0;4291.326000;8F00F4BC-CFD1-473F-9FCE-191B7EB5F1AD;2008-06-01 00:00:00.000;;;;;;;;
71782;957;110688;1;1430,442;0;1430.442000;8D36D42E-5A61-4AA0-B8B7-A83DEEEB3DDE;2008-06-01 00:00:00.000;;;;;;;;
71782;958;110693;2;445,41;0;890.820000;6A61199F-48C9-4DD1-8FC1-5825A1C8C7AE;2008-06-01 00:00:00.000;;;;;;;;
71782;959;110675;4;445,41;0;1781.640000;CACD0B0C-270A-42BB-A48E-34A69248B19A;2008-06-01 00:00:00.000;;;;;;;;
71782;961;110691;3;445,41;0;1336.230000;35BA4320-0EF4-46C4-8E1B-71201D1F4FC5;2008-06-01 00:00:00.000;;;;;;;;
71782;963;110694;1;445,41;0;445.410000;48EADA4B-B0A7-4CD4-BD00-E7B8EEBBCFDE;2008-06-01 00:00:00.000;;;;;;;;
71782;966;110683;2;1430,442;0;2860.884000;4E0A7F8E-58DA-4B23-8856-980FD461CFF8;2008-06-01 00:00:00.000;;;;;;;;
71782;967;110689;2;1430,442;0;2860.884000;406724B4-4733-4372-A4AC-84F4F493AA7E;2008-06-01 00:00:00.000;;;;;;;;
71782;968;110696;2;1430,442;0;2860.884000;56F9396B-53F8-4386-8F08-6FEB33125913;2008-06-01 00:00:00.000;;;;;;;;
71782;970;110682;1;728,91;0;728.910000;74E94A04-5C2B-4821-8FC7-069204B0BA4A;2008-06-01 00:00:00.000;;;;;;;;
71782;971;110676;4;728,91;0;2915.640000;5EDF45B8-D4FB-4714-957D-9666EA22F415;2008-06-01 00:00:00.000;;;;;;;;
71782;978;110678;1;445,41;0;445.410000;8BD27F52-34F9-498D-A838-366179F7075D;2008-06-01 00:00:00.000;;;;;;;;
71782;979;110692;2;445,41;0;890.820000;BC718813-1D25-49C8-9369-4EC056C040D7;2008-06-01 00:00:00.000;;;;;;;;
71782;994;110681;1;32,394;0;32.394000;8ED3D829-95AD-4BED-8894-9B76D20981B9;2008-06-01 00:00:00.000;;;;;;;;
71782;996;110672;4;72,894;0;291.576000;C4D69D25-2F3F-4978-B765-8255D489DB8D;2008-06-01 00:00:00.000;;;;;;;;
71783;707;110751;10;20,994;0;209.940000;D29B2630-1485-4FDE-8A3F-7C677A3CC567;2008-06-01 00:00:00.000;;;;;;;;
71783;708;110752;11;20,2942;0,02;218.771476;71F6FBBF-3B29-4F55-ABD3-3577D6786501;2008-06-01 00:00:00.000;;;;;;;;
71783;711;110749;15;19,2445;0,05;274.234125;E671D916-17C3-4DD1-B086-2B08B84877E2;2008-06-01 00:00:00.000;;;;;;;;
71783;712;110748;11;5,2142;0,02;56.209076;4DC0622C-E097-4B89-8466-148FCD95E6FB;2008-06-01 00:00:00.000;;;;;;;;
71783;714;110717;6;29,994;0;179.964000;4003A2A8-7365-4F8B-9FEF-53D14B022E42;2008-06-01 00:00:00.000;;;;;;;;
71783;715;110744;17;27,4945;0,05;444.036175;B67B428A-14E3-4246-8D86-48CEEC873E8B;2008-06-01 00:00:00.000;;;;;;;;
71783;716;110745;4;29,994;0;119.976000;00C305B1-2D9C-488C-AE9D-983DCDA1DF06;2008-06-01 00:00:00.000;;;;;;;;
71783;718;110743;2;858,9;0;1717.800000;033A43F7-A88B-4D7C-8308-BC2AE7EC9779;2008-06-01 00:00:00.000;;;;;;;;
71783;722;110730;6;202,332;0;1213.992000;5E9D4A6A-6848-46C3-A6ED-4F5111B94302;2008-06-01 00:00:00.000;;;;;;;;
71783;738;110710;4;202,332;0;809.328000;6600BD56-0E8E-4708-88AD-8B81CDDE0C66;2008-06-01 00:00:00.000;;;;;;;;
71783;793;110712;3;1466,01;0;4398.030000;A13C9FA5-A227-4D2E-B1B9-4982187EDC65;2008-06-01 00:00:00.000;;;;;;;;
71783;797;110734;4;672,294;0;2689.176000;8F859C8B-6996-4E2D-9F0F-0DD0F8FEA8DB;2008-06-01 00:00:00.000;;;;;;;;
71783;798;110735;1;672,294;0;672.294000;D27D3EB4-56C3-4877-9902-264B2A236EAD;2008-06-01 00:00:00.000;;;;;;;;
71783;799;110724;1;672,294;0;672.294000;BD3A6BD9-2D94-4BB2-B033-2CB2B879B666;2008-06-01 00:00:00.000;;;;;;;;
71783;801;110736;1;672,294;0;672.294000;B9E766B8-CE94-4452-BB4B-02FA8138B193;2008-06-01 00:00:00.000;;;;;;;;
71783;813;110719;1;72,162;0;72.162000;15B9C1AD-C3DE-474D-AC24-BF2062485549;2008-06-01 00:00:00.000;;;;;;;;
71783;822;110723;1;356,898;0;356.898000;710710B5-A4BE-4A71-8965-B5AC0C3F8732;2008-06-01 00:00:00.000;;;;;;;;
71783;835;110740;3;356,898;0;1070.694000;CC30CB7E-1260-48A9-8DEC-B7D95CC5533E;2008-06-01 00:00:00.000;;;;;;;;
71783;836;110741;4;356,898;0;1427.592000;0A9A4BEF-BB06-49B2-942D-C8A2CD010A84;2008-06-01 00:00:00.000;;;;;;;;
71783;838;110742;4;858,9;0;3435.600000;32E1242C-4571-46F4-B749-FDC8224186C8;2008-06-01 00:00:00.000;;;;;;;;
71783;858;110725;2;14,694;0;29.388000;17D042F8-7E71-4C98-A9E8-C06C6B046B9F;2008-06-01 00:00:00.000;;;;;;;;
71783;859;110715;7;14,694;0;102.858000;9CA42575-6BD2-4063-904A-F89DCDBFA00F;2008-06-01 00:00:00.000;;;;;;;;
71783;860;110726;9;14,694;0;132.246000;69287890-5CF2-48D4-842E-1AF037E8880B;2008-06-01 00:00:00.000;;;;;;;;
71783;864;110727;15;34,925;0,05;497.681250;95523468-78C9-4659-A9E2-408F6139C1BC;2008-06-01 00:00:00.000;;;;;;;;
71783;865;110747;10;38,1;0;381.000000;9D1DFC31-93D5-463A-B188-6DE1A93A79B1;2008-06-01 00:00:00.000;;;;;;;;
71783;870;110722;10;2,994;0;29.940000;93D36328-D201-49C3-981B-0082F93F305A;2008-06-01 00:00:00.000;;;;;;;;
71783;873;110721;6;1,374;0;8.244000;E447CABB-A2CD-4BB0-9927-A6285927BAEC;2008-06-01 00:00:00.000;;;;;;;;
71783;875;110746;1;5,394;0;5.394000;115CB3DE-68BF-433C-934F-BF6EAD607011;2008-06-01 00:00:00.000;;;;;;;;
71783;876;110750;2;72;0;144.000000;65412ADA-B387-4EDF-B099-697CCF1F6CF7;2008-06-01 00:00:00.000;;;;;;;;
71783;877;110718;8;4,77;0;38.160000;3650C9AC-764F-4A62-BD44-C9C302643C49;2008-06-01 00:00:00.000;;;;;;;;
71783;880;110714;9;32,994;0;296.946000;BFBD21A7-253A-411A-9FE7-56884370529E;2008-06-01 00:00:00.000;;;;;;;;
71783;881;110720;6;32,394;0;194.364000;7F2DC14D-5F9B-4D50-8A47-98EA49A83CE3;2008-06-01 00:00:00.000;;;;;;;;
71783;883;110729;11;31,3142;0,02;337.567076;2BC7D17C-CB36-4ACD-A45E-5F6F0336A15A;2008-06-01 00:00:00.000;;;;;;;;
71783;884;110731;9;32,394;0;291.546000;443C9252-F746-4EC0-B838-2B02BEE947F6;2008-06-01 00:00:00.000;;;;;;;;
71783;938;110728;3;24,294;0;72.882000;6A7322F6-6E11-45C2-8B9E-004714CD9716;2008-06-01 00:00:00.000;;;;;;;;
71783;939;110711;6;37,254;0;223.524000;49FF2935-0B3D-4BED-91D0-454C71A2CBBE;2008-06-01 00:00:00.000;;;;;;;;
71783;940;110739;4;48,594;0;194.376000;E09A8710-17CF-4E93-8D1B-89AD798E9058;2008-06-01 00:00:00.000;;;;;;;;
71783;973;110737;5;1020,594;0;5102.970000;22203517-0010-48F1-A777-5BB735226508;2008-06-01 00:00:00.000;;;;;;;;
71783;974;110738;13;986,5742;0,02;12568.955308;AC5C5FC9-722C-4E0E-B1CA-BCF60CA65228;2008-06-01 00:00:00.000;;;;;;;;
71783;976;110716;25;850,495;0,1;19136.137500;F9E75552-B9D0-4CFE-AC23-ABBFFA8DA03B;2008-06-01 00:00:00.000;;;;;;;;
71783;977;110713;4;323,994;0;1295.976000;CF2858D7-F54F-4954-A9F2-87E132352D4E;2008-06-01 00:00:00.000;;;;;;;;
71783;998;110732;7;323,994;0;2267.958000;DB5FE5AD-EA68-4D7D-9B74-647141AC43B9;2008-06-01 00:00:00.000;;;;;;;;
71783;999;110733;5;323,994;0;1619.970000;ABDB8300-FF35-45F5-B4CA-9F627024EE30;2008-06-01 00:00:00.000;;;;;;;;
71784;707;110794;10;20,994;0;209.940000;B86D13FA-2545-4E15-9AB5-1162C1374A6C;2008-06-01 00:00:00.000;;;;;;;;
71784;708;110795;12;20,2942;0,02;238.659792;21CBCFA9-6E2E-408F-AA28-CCC84FD4C60E;2008-06-01 00:00:00.000;;;;;;;;
71784;711;110753;2;20,994;0;41.988000;D673A683-66C1-41D9-9C18-0F358E135AB7;2008-06-01 00:00:00.000;;;;;;;;
71784;712;110761;10;5,394;0;53.940000;85648CF9-A6E2-4DDC-AB71-D77D8CA27A12;2008-06-01 00:00:00.000;;;;;;;;
71784;714;110760;9;29,994;0;269.946000;847F0227-DED8-4717-8F6F-DDAEACDD7CA0;2008-06-01 00:00:00.000;;;;;;;;
71784;715;110786;8;29,994;0;239.952000;937FC41C-A818-473D-88B4-D5FC930230F1;2008-06-01 00:00:00.000;;;;;;;;
71784;716;110764;5;29,994;0;149.970000;2258C121-5ABA-4D57-A8DE-56A6493F4547;2008-06-01 00:00:00.000;;;;;;;;
71784;858;110769;6;14,694;0;88.164000;9BF2D259-BF1E-4F41-9F37-F56A78E26A19;2008-06-01 00:00:00.000;;;;;;;;
71784;859;110790;5;14,694;0;73.470000;C466499E-5284-4B18-9E65-6C3628788963;2008-06-01 00:00:00.000;;;;;;;;
71784;864;110791;23;34,925;0,05;763.111250;EDB4ED91-8E46-4E5E-9195-E476B7D2AD67;2008-06-01 00:00:00.000;;;;;;;;
71784;865;110757;8;38,1;0;304.800000;CC0C8BE2-787B-4C97-A568-02FACC05D55B;2008-06-01 00:00:00.000;;;;;;;;
71784;870;110756;11;2,8942;0,02;31.199476;1E115C68-5AF1-41D7-86C2-66F881153C6E;2008-06-01 00:00:00.000;;;;;;;;
71784;873;110793;8;1,374;0;10.992000;2B64CA83-B2FB-4AE5-A9EC-9EA1637317DB;2008-06-01 00:00:00.000;;;;;;;;
71784;876;110767;6;72;0;432.000000;B488C4C2-E995-4314-BD7F-FBEACE20383E;2008-06-01 00:00:00.000;;;;;;;;
71784;877;110763;8;4,77;0;38.160000;5995A5A1-56FE-486A-8AC3-A96630355F1D;2008-06-01 00:00:00.000;;;;;;;;
71784;880;110792;9;32,994;0;296.946000;75F2181F-AD5C-4DC4-A52F-66CD7CAC3F7B;2008-06-01 00:00:00.000;;;;;;;;
71784;881;110787;6;32,394;0;194.364000;281D1C72-EC9A-4E76-93B8-F83217A26A2E;2008-06-01 00:00:00.000;;;;;;;;
71784;883;110788;7;32,394;0;226.758000;B7B5995F-02C9-473B-BBB5-1189F87832DC;2008-06-01 00:00:00.000;;;;;;;;
71784;884;110789;3;32,394;0;97.182000;0437F448-EDF0-48ED-8A88-0743E136D2DA;2008-06-01 00:00:00.000;;;;;;;;
71784;885;110754;8;602,346;0;4818.768000;701CAC38-5268-4EE9-A66F-BA5E0F578743;2008-06-01 00:00:00.000;;;;;;;;
71784;889;110770;4;602,346;0;2409.384000;9BB4B933-991F-4F9C-9BED-948C8023E1FB;2008-06-01 00:00:00.000;;;;;;;;
71784;893;110785;1;602,346;0;602.346000;061C861D-CADA-4884-A224-4DE4C00E97E5;2008-06-01 00:00:00.000;;;;;;;;
71784;895;110772;2;200,052;0;400.104000;61EFC1C5-71CE-4537-9EDE-723DD776A042;2008-06-01 00:00:00.000;;;;;;;;
71784;896;110783;3;200,052;0;600.156000;EC43C98A-6838-4941-A503-3504B14FBE6B;2008-06-01 00:00:00.000;;;;;;;;
71784;899;110768;2;200,052;0;400.104000;851A9448-2136-49CD-BE6A-1E3CF23EF28A;2008-06-01 00:00:00.000;;;;;;;;
71784;900;110784;1;200,052;0;200.052000;3DBF3836-B3A9-48BA-8241-61DEA20DE368;2008-06-01 00:00:00.000;;;;;;;;
71784;916;110782;2;31,584;0;63.168000;DEEFDF0C-FA8E-40CE-AB16-41F51B043796;2008-06-01 00:00:00.000;;;;;;;;
71784;953;110777;3;728,91;0;2186.730000;5645B1BA-251A-4515-AA9A-6E9E86EEA4E7;2008-06-01 00:00:00.000;;;;;;;;
71784;954;110755;2;1430,442;0;2860.884000;0F40EF26-3A85-46A8-BBB2-A9B063AA43DD;2008-06-01 00:00:00.000;;;;;;;;
71784;955;110781;2;1430,442;0;2860.884000;E8902B25-0C11-48F1-BA14-3A18072AE4DF;2008-06-01 00:00:00.000;;;;;;;;
71784;957;110773;12;1382,7606;0,02;16261.264656;2608ABCF-0D68-4ADC-9F2F-45B931B3417D;2008-06-01 00:00:00.000;;;;;;;;
71784;958;110766;6;445,41;0;2672.460000;7FC16257-7D13-4B56-BCDF-8406522E5AE4;2008-06-01 00:00:00.000;;;;;;;;
71784;959;110759;1;445,41;0;445.410000;D86EB183-494B-4BE4-889D-E14A16C29C9D;2008-06-01 00:00:00.000;;;;;;;;
71784;961;110775;3;445,41;0;1336.230000;4CFCD54C-299D-491C-ACAA-86F2C2DD98EF;2008-06-01 00:00:00.000;;;;;;;;
71784;962;110771;7;445,41;0;3117.870000;99D641DD-76D5-4334-9E55-99FF78125A94;2008-06-01 00:00:00.000;;;;;;;;
71784;963;110776;5;445,41;0;2227.050000;16FD8CCE-6D5D-4642-9D56-56D146310752;2008-06-01 00:00:00.000;;;;;;;;
71784;965;110765;11;430,563;0,02;4641.469140;4C8645BC-6DA7-465A-A1B8-9795C30920E5;2008-06-01 00:00:00.000;;;;;;;;
71784;966;110778;4;1430,442;0;5721.768000;E09D1EB7-627D-43ED-97AA-96BE7FAD32C3;2008-06-01 00:00:00.000;;;;;;;;
71784;967;110779;6;1430,442;0;8582.652000;0C2A84E5-A1E1-4A00-993F-19B4819AFBE0;2008-06-01 00:00:00.000;;;;;;;;
71784;969;110780;10;1430,442;0;14304.420000;A8EF0789-B2DA-411F-B777-DA449389D319;2008-06-01 00:00:00.000;;;;;;;;
71784;970;110758;4;728,91;0;2915.640000;3B529926-7AE8-4805-BC73-7BA460E5F1AB;2008-06-01 00:00:00.000;;;;;;;;
71784;972;110762;4;728,91;0;2915.640000;25E7C0F0-DAEA-4761-89FC-9B65CAA00648;2008-06-01 00:00:00.000;;;;;;;;
71784;979;110774;8;445,41;0;3563.280000;3B2DD1D1-CA84-40B0-9EE2-E8D97242760B;2008-06-01 00:00:00.000;;;;;;;;
71796;885;111037;2;602,346;0;1204.692000;50CAFDBF-F978-4791-B376-386C2C22FA0C;2008-06-01 00:00:00.000;;;;;;;;
71796;891;111018;1;602,346;0;602.346000;DD91E489-43B3-45C6-A4EA-E4D2E650019E;2008-06-01 00:00:00.000;;;;;;;;
71796;892;111035;6;602,346;0;3614.076000;A586DAF2-66E3-4EFF-93CE-A869C4EC6C51;2008-06-01 00:00:00.000;;;;;;;;
71796;893;111036;1;602,346;0;602.346000;AFDFDED7-2118-465C-8BB2-10A322DC37C2;2008-06-01 00:00:00.000;;;;;;;;
71796;899;111033;1;200,052;0;200.052000;77B7E9B6-142A-4216-8C71-F839990F536A;2008-06-01 00:00:00.000;;;;;;;;
71796;900;111034;1;200,052;0;200.052000;C54D207B-7EC9-4EA5-B0A7-C37C1D759B03;2008-06-01 00:00:00.000;;;;;;;;
71796;916;111021;1;31,584;0;31.584000;18849A7F-AB84-4F0D-9345-A437AD535053;2008-06-01 00:00:00.000;;;;;;;;
71796;947;111032;1;54,942;0;54.942000;FDEDAB25-D27E-4D66-BB57-6A699846C3E9;2008-06-01 00:00:00.000;;;;;;;;
71796;953;111020;2;728,91;0;1457.820000;C163C562-3ED8-41E3-AA66-2A78C3A7BFD0;2008-06-01 00:00:00.000;;;;;;;;
71796;954;111030;3;1430,442;0;4291.326000;C5592D27-D2A7-4687-9D43-F2F034DA8E72;2008-06-01 00:00:00.000;;;;;;;;
71796;955;111031;1;1430,442;0;1430.442000;9FC48164-06E3-47E3-8455-19F316C3014E;2008-06-01 00:00:00.000;;;;;;;;
71796;957;111023;3;1430,442;0;4291.326000;2DF66E6B-21E5-43B4-A91C-57FFD3033E18;2008-06-01 00:00:00.000;;;;;;;;
71796;958;111022;5;445,41;0;2227.050000;13186B9F-42FC-487C-90FD-4EA96D113233;2008-06-01 00:00:00.000;;;;;;;;
71796;961;111027;7;445,41;0;3117.870000;32CBB9F9-6747-4B46-89C7-176928A7B742;2008-06-01 00:00:00.000;;;;;;;;
71796;965;111028;2;445,41;0;890.820000;4B67900D-8A1A-40D8-B654-73CFA183AC2E;2008-06-01 00:00:00.000;;;;;;;;
71796;967;111025;2;1430,442;0;2860.884000;73FF8746-1FA6-425A-99F0-3C76ED213701;2008-06-01 00:00:00.000;;;;;;;;
71796;969;111024;9;1430,442;0;12873.978000;24D90386-E9B3-40C4-8D04-EF0E2ACD30BB;2008-06-01 00:00:00.000;;;;;;;;
71796;970;111029;1;728,91;0;728.910000;B94D54D5-1146-43F1-BAAA-FD556194977C;2008-06-01 00:00:00.000;;;;;;;;
71796;972;111019;8;728,91;0;5831.280000;46260489-CE09-41D8-ACE1-916E300D83C7;2008-06-01 00:00:00.000;;;;;;;;
71796;979;111026;3;445,41;0;1336.230000;A96ADF3D-3F0E-439F-AD3C-23846C5F51EC;2008-06-01 00:00:00.000;;;;;;;;
71797;707;111075;6;20,994;0;125.964000;5890DFC7-792B-4562-8844-EC930524778D;2008-06-01 00:00:00.000;;;;;;;;
71797;708;111082;12;20,2942;0,02;238.659792;D04D7CF4-E057-42BB-9632-BBB00BB2414E;2008-06-01 00:00:00.000;;;;;;;;
71797;711;111038;4;20,994;0;83.976000;9CFABD92-779C-4893-9DD1-652291E0CD71;2008-06-01 00:00:00.000;;;;;;;;
71797;712;111053;6;5,394;0;32.364000;665B21EE-2695-4156-8375-24FDF16BAD40;2008-06-01 00:00:00.000;;;;;;;;
71797;714;111040;1;29,994;0;29.994000;4C9F3C90-9122-42A6-B423-A3F927D39235;2008-06-01 00:00:00.000;;;;;;;;
71797;715;111048;4;29,994;0;119.976000;14C471C4-B9D4-41A4-A7AD-BF3E339630AD;2008-06-01 00:00:00.000;;;;;;;;
71797;716;111049;5;29,994;0;149.970000;66FA5C4E-C414-46DB-B1E4-F29C56817D59;2008-06-01 00:00:00.000;;;;;;;;
71797;717;111079;2;858,9;0;1717.800000;3B938F0D-7A0F-4209-A324-371E85AF3222;2008-06-01 00:00:00.000;;;;;;;;
71797;718;111047;1;858,9;0;858.900000;093129D0-66C4-44E6-AF23-45F0FBF0F1A4;2008-06-01 00:00:00.000;;;;;;;;
71797;722;111045;3;202,332;0;606.996000;AAB11DCE-3367-40C1-885C-CB7E72CDFDB9;2008-06-01 00:00:00.000;;;;;;;;
71797;738;111044;1;202,332;0;202.332000;DD6121FB-30E7-47FF-AF1C-61B8DC690F10;2008-06-01 00:00:00.000;;;;;;;;
71797;793;111073;6;1466,01;0;8796.060000;74F064E2-D628-404B-9661-15623D272B00;2008-06-01 00:00:00.000;;;;;;;;
71797;794;111065;5;1466,01;0;7330.050000;1359B966-F7F4-4D6C-AE6B-99B5896B49B5;2008-06-01 00:00:00.000;;;;;;;;
71797;795;111066;2;1466,01;0;2932.020000;45F214A2-543B-4211-95B1-7D2360F217B3;2008-06-01 00:00:00.000;;;;;;;;
71797;797;111067;10;672,294;0;6722.940000;5002F031-D85D-42BF-81B0-A7784B9A66CB;2008-06-01 00:00:00.000;;;;;;;;
71797;798;111058;2;672,294;0;1344.588000;663DD90E-0941-419B-8493-6BB3E829F803;2008-06-01 00:00:00.000;;;;;;;;
71797;801;111061;2;672,294;0;1344.588000;137EA529-E91D-404D-A2D4-5EDD73467162;2008-06-01 00:00:00.000;;;;;;;;
71797;813;111059;2;72,162;0;144.324000;7EC7B3B1-62EA-4C3F-A287-6514BE816D33;2008-06-01 00:00:00.000;;;;;;;;
71797;822;111083;2;356,898;0;713.796000;CBE01F20-CA7E-4C94-83FC-260FC350EA2D;2008-06-01 00:00:00.000;;;;;;;;
71797;835;111046;5;356,898;0;1784.490000;DB72C511-BD31-4E2A-B65A-6DEC0AAD6AEF;2008-06-01 00:00:00.000;;;;;;;;
71797;836;111081;4;356,898;0;1427.592000;2CB6FFB5-8F2C-46E2-A363-D108FACAA14D;2008-06-01 00:00:00.000;;;;;;;;
71797;838;111039;2;858,9;0;1717.800000;37AB902A-D1A1-421A-8AF0-89D144B28EFD;2008-06-01 00:00:00.000;;;;;;;;
71797;858;111080;4;14,694;0;58.776000;FED97E43-A1CE-4AEC-8C2E-14CF69AEFCB8;2008-06-01 00:00:00.000;;;;;;;;
71797;859;111076;9;14,694;0;132.246000;43968865-C807-4590-AB6D-7207504E81F0;2008-06-01 00:00:00.000;;;;;;;;
71797;860;111052;4;14,694;0;58.776000;C197D7FC-0CDA-4544-9556-0D890655E4F5;2008-06-01 00:00:00.000;;;;;;;;
71797;864;111070;23;34,925;0,05;763.111250;FFE708C1-233C-40B2-8B8E-BC3CE6EEA5AF;2008-06-01 00:00:00.000;;;;;;;;
71797;865;111069;1;38,1;0;38.100000;68FF53C6-989F-4278-9D34-929348D02B54;2008-06-01 00:00:00.000;;;;;;;;
71797;870;111078;11;2,8942;0,02;31.199476;E35D5AC3-BE8E-4F38-AA41-55DFC2FFE751;2008-06-01 00:00:00.000;;;;;;;;
71797;873;111055;6;1,374;0;8.244000;2324B995-DBF2-4792-B55D-5353428729D3;2008-06-01 00:00:00.000;;;;;;;;
71797;875;111051;3;5,394;0;16.182000;37F87A70-AD19-4EED-B396-D1354AE8C08E;2008-06-01 00:00:00.000;;;;;;;;
71797;876;111056;10;72;0;720.000000;ED545DAB-6BF4-4564-B2DD-2D31EB0CA083;2008-06-01 00:00:00.000;;;;;;;;
71797;877;111072;17;4,3725;0,05;70.615875;923B946A-58B9-4BCD-B8ED-F4AC3E043EA5;2008-06-01 00:00:00.000;;;;;;;;
71797;880;111054;10;32,994;0;329.940000;0992F82C-B35C-4EB3-B1E2-9C1884A48510;2008-06-01 00:00:00.000;;;;;;;;
71797;881;111068;8;32,394;0;259.152000;838712D7-960E-40D1-A9B7-A03A3BBD8DF0;2008-06-01 00:00:00.000;;;;;;;;
71797;883;111042;16;29,6945;0,05;451.356400;143B1DB9-9435-4EAE-BC04-AF7B1A1C273C;2008-06-01 00:00:00.000;;;;;;;;
71797;884;111050;15;29,6945;0,05;423.146625;59634B96-5836-4E10-999A-4ECF310B3B16;2008-06-01 00:00:00.000;;;;;;;;
71797;913;111043;2;31,584;0;63.168000;11BAEC31-14FF-4009-B096-228A6687B44E;2008-06-01 00:00:00.000;;;;;;;;
71797;938;111064;3;24,294;0;72.882000;6BDF723F-E816-45AD-9285-5ED8E6504630;2008-06-01 00:00:00.000;;;;;;;;
71797;939;111060;4;37,254;0;149.016000;169F98EF-1AC7-4487-BC92-C801AFCF0247;2008-06-01 00:00:00.000;;;;;;;;
71797;940;111041;4;48,594;0;194.376000;A0FCD9D2-E73D-4385-8711-F828C4DFCF41;2008-06-01 00:00:00.000;;;;;;;;
71797;973;111077;5;1020,594;0;5102.970000;2A9A17D3-50B5-45B2-BB62-2CF686B8C523;2008-06-01 00:00:00.000;;;;;;;;
71797;974;111074;3;1020,594;0;3061.782000;FC7535C2-AC75-4926-9422-265BBB1C21B0;2008-06-01 00:00:00.000;;;;;;;;
71797;976;111071;9;1020,594;0;9185.346000;A671B89D-BF3B-4454-B0D7-BBBD2B92AF1B;2008-06-01 00:00:00.000;;;;;;;;
71797;977;111057;7;323,994;0;2267.958000;0C938FED-3C16-450D-8937-3B039C9DDBD3;2008-06-01 00:00:00.000;;;;;;;;
71797;998;111062;6;323,994;0;1943.964000;7BBD426B-5571-43AC-A63B-11B9801D83B5;2008-06-01 00:00:00.000;;;;;;;;
71797;999;111063;4;323,994;0;1295.976000;DA0727FC-962E-4444-A568-42279DE31654;2008-06-01 00:00:00.000;;;;;;;;
71815;738;111451;1;202,332;0;202.332000;810E5535-2BDB-4D83-B26D-796E5CFF1A1B;2008-06-01 00:00:00.000;;;;;;;;
71815;835;111452;2;356,898;0;713.796000;DAEB0CFA-807C-46AC-8458-FFCCEF36B5B2;2008-06-01 00:00:00.000;;;;;;;;
71815;874;111453;2;5,394;0;10.788000;09F90EB4-24DE-4812-825E-45520602B437;2008-06-01 00:00:00.000;;;;;;;;
71816;712;111457;4;5,394;0;21.576000;EE2CE69C-24EB-47FF-AB6C-BD5AABDCD6E9;2008-06-01 00:00:00.000;;;;;;;;
71816;715;111456;2;29,994;0;59.988000;9F7406E4-25C9-431A-9891-F419E3F5253D;2008-06-01 00:00:00.000;;;;;;;;
71816;883;111458;3;32,394;0;97.182000;AFFBB13E-55A8-4FA8-9CD7-809B1816C30D;2008-06-01 00:00:00.000;;;;;;;;
71816;948;111460;1;63,9;0;63.900000;5F4F0AA9-ACC6-4EF7-AB68-17D0748A5512;2008-06-01 00:00:00.000;;;;;;;;
71816;953;111454;1;728,91;0;728.910000;B8A9720F-1F6F-4FE1-AD4A-AC70D4C905BD;2008-06-01 00:00:00.000;;;;;;;;
71816;954;111455;1;1430,442;0;1430.442000;EDC86C40-ECBD-45AF-912B-AE37D177821A;2008-06-01 00:00:00.000;;;;;;;;
71816;961;111459;1;445,41;0;445.410000;B4E5503B-0FD8-4F2F-8675-E899DB180280;2008-06-01 00:00:00.000;;;;;;;;
71831;782;111791;1;1376,994;0;1376.994000;A5F59647-47B7-48FC-9000-0830E623981A;2008-06-01 00:00:00.000;;;;;;;;
71831;867;111792;6;41,994;0;251.964000;14F64FDC-4405-47B4-965C-B4F506515E8A;2008-06-01 00:00:00.000;;;;;;;;
71831;869;111790;2;41,994;0;83.988000;73BC96FD-863B-441C-AEEA-25387C2D17AC;2008-06-01 00:00:00.000;;;;;;;;
71832;743;111806;4;809,76;0;3239.040000;0DB92279-D76A-4868-9A47-856EC58093AB;2008-06-01 00:00:00.000;;;;;;;;
71832;748;111808;1;818,7;0;818.700000;1841E141-8FCB-42EA-9F66-C4E1264FA470;2008-06-01 00:00:00.000;;;;;;;;
71832;779;111814;1;1391,994;0;1391.994000;A76F6C50-6117-4B58-BE8E-6EBC0E39ECD1;2008-06-01 00:00:00.000;;;;;;;;
71832;780;111815;1;1391,994;0;1391.994000;478B4D27-07E7-4ABE-8F61-A6D8CC51F56C;2008-06-01 00:00:00.000;;;;;;;;
71832;781;111795;2;1391,994;0;2783.988000;2D9A186F-1F0E-40F1-8FA2-D459A04FBF83;2008-06-01 00:00:00.000;;;;;;;;
71832;782;111803;3;1376,994;0;4130.982000;A0A904F3-0180-4D33-ADAA-54FEEB64D511;2008-06-01 00:00:00.000;;;;;;;;
71832;784;111810;5;1376,994;0;6884.970000;93B73EE3-9095-4BCE-B3B4-53FDA99C86C8;2008-06-01 00:00:00.000;;;;;;;;
71832;808;111817;1;26,724;0;26.724000;591FB165-4CAD-4174-9274-9C807515D84E;2008-06-01 00:00:00.000;;;;;;;;
71832;809;111818;1;37,152;0;37.152000;7249F4A6-663A-4470-9119-5AB1DE2B9DA8;2008-06-01 00:00:00.000;;;;;;;;
71832;810;111797;1;72,162;0;72.162000;E9BD1406-7EE1-4FD3-BB28-6F4B24D76218;2008-06-01 00:00:00.000;;;;;;;;
71832;867;111802;13;40,5942;0,02;517.170108;105F870D-F524-49CD-8F81-0AB5267ABDBC;2008-06-01 00:00:00.000;;;;;;;;
71832;868;111796;1;41,994;0;41.994000;68B0A471-B668-415A-8116-B285B4936395;2008-06-01 00:00:00.000;;;;;;;;
71832;904;111807;5;218,454;0;1092.270000;ECB3F9C5-98FE-412B-A24A-A8EABE5DFB0D;2008-06-01 00:00:00.000;;;;;;;;
71832;908;111801;1;16,272;0;16.272000;CC96C2F6-041D-4A67-A9FB-97A3CAC5852E;2008-06-01 00:00:00.000;;;;;;;;
71832;910;111809;1;31,584;0;31.584000;DB5D32D2-526D-4277-A303-5A78E328EAEB;2008-06-01 00:00:00.000;;;;;;;;
71832;917;111821;6;158,43;0;950.580000;CFE87323-1BCA-4443-B4E5-05177FD80E7D;2008-06-01 00:00:00.000;;;;;;;;
71832;918;111793;4;158,43;0;633.720000;E3FEC901-9B4A-4873-8C34-74AE8600EB07;2008-06-01 00:00:00.000;;;;;;;;
71832;920;111822;1;158,43;0;158.430000;DCF6C95D-A0E4-4272-BFF8-6B06B7F9574F;2008-06-01 00:00:00.000;;;;;;;;
71832;925;111799;2;149,874;0;299.748000;69AF7AAD-E3FB-497C-873E-F6F352CE7754;2008-06-01 00:00:00.000;;;;;;;;
71832;926;111820;1;149,874;0;149.874000;DA725A68-7DA4-4FE3-B9BD-A23F655ECEC0;2008-06-01 00:00:00.000;;;;;;;;
71832;935;111819;3;24,294;0;72.882000;40108ADE-FF72-43CD-A59F-9304173CE49F;2008-06-01 00:00:00.000;;;;;;;;
71832;936;111805;1;37,254;0;37.254000;BC390CDA-1143-4091-B9A4-52A6FFFF0857;2008-06-01 00:00:00.000;;;;;;;;
71832;937;111804;1;48,594;0;48.594000;FFAE3AA6-0642-40FD-A7D1-C1E34D2DF97C;2008-06-01 00:00:00.000;;;;;;;;
71832;944;111816;2;158,43;0;316.860000;237090D9-66B6-462B-8FA4-6CC863438EAC;2008-06-01 00:00:00.000;;;;;;;;
71832;980;111798;1;461,694;0;461.694000;B68452C3-17C1-4E61-BC1E-5543DE5A428B;2008-06-01 00:00:00.000;;;;;;;;
71832;983;111794;3;461,694;0;1385.082000;039E1C26-D1E9-43EC-A2A9-FB0B73F1872D;2008-06-01 00:00:00.000;;;;;;;;
71832;984;111813;3;112,998;0,4;203.396400;F8D67EC8-224E-467D-B895-A784E5149611;2008-06-01 00:00:00.000;;;;;;;;
71832;985;111800;2;112,998;0,4;135.597600;577D49D5-55B8-4D81-AD28-2EC13757CBC2;2008-06-01 00:00:00.000;;;;;;;;
71832;990;111811;2;323,994;0;647.988000;77EEE4D0-5FAC-4B5E-8AA6-E25E32D831EC;2008-06-01 00:00:00.000;;;;;;;;
71832;992;111812;3;323,994;0;971.982000;2856EB25-5AE5-4795-AE0D-1C23C9D03DC5;2008-06-01 00:00:00.000;;;;;;;;
71845;715;112138;2;29,994;0;59.988000;D9A12019-84E7-4907-BF8E-73BC352E490F;2008-06-01 00:00:00.000;;;;;;;;
71845;742;112121;3;818,7;0;2456.100000;E17B8E63-47D7-4804-98A0-6937E1954316;2008-06-01 00:00:00.000;;;;;;;;
71845;743;112137;2;809,76;0;1619.520000;7ACE9864-8050-4552-82D1-751C489B18ED;2008-06-01 00:00:00.000;;;;;;;;
71845;747;112134;3;809,76;0;2429.280000;A5B7A860-B0D0-4B1E-9A06-084FB278B0A6;2008-06-01 00:00:00.000;;;;;;;;
71845;748;112127;1;818,7;0;818.700000;D57D58EE-FE30-404C-982A-577C3A2EA7F1;2008-06-01 00:00:00.000;;;;;;;;
71845;779;112146;3;1391,994;0;4175.982000;11398C15-E0DC-41A1-8E2F-6B2A230AA639;2008-06-01 00:00:00.000;;;;;;;;
71845;780;112122;2;1391,994;0;2783.988000;A5C1D20D-EC2B-417B-A366-722782C1540F;2008-06-01 00:00:00.000;;;;;;;;
71845;781;112129;2;1391,994;0;2783.988000;533D7438-E8BE-4B48-AEA9-7148179F1DB8;2008-06-01 00:00:00.000;;;;;;;;
71845;782;112143;2;1376,994;0;2753.988000;D7FC6800-1702-4636-A46A-E207AD934C43;2008-06-01 00:00:00.000;;;;;;;;
71845;783;112131;5;1376,994;0;6884.970000;70180211-6C38-4BB5-9317-A5784A1410B2;2008-06-01 00:00:00.000;;;;;;;;
71845;784;112132;2;1376,994;0;2753.988000;A2674906-53B9-4FE6-BC74-10946E47F110;2008-06-01 00:00:00.000;;;;;;;;
71845;808;112140;1;26,724;0;26.724000;70EBCDED-684D-4BC9-86F9-94CAE06B9D28;2008-06-01 00:00:00.000;;;;;;;;
71845;809;112135;1;37,152;0;37.152000;CB494781-2EF4-4BDA-8EFF-27132EB102C4;2008-06-01 00:00:00.000;;;;;;;;
71845;867;112126;2;41,994;0;83.988000;1A7CA6CF-03E6-4F90-AD08-F076F604B276;2008-06-01 00:00:00.000;;;;;;;;
71845;869;112130;3;41,994;0;125.982000;69DC8DDC-05B1-48C8-AD7D-C9CE63DB81A0;2008-06-01 00:00:00.000;;;;;;;;
71845;904;112120;4;218,454;0;873.816000;97D364AC-D0AE-48DC-A823-BA5238BA066E;2008-06-01 00:00:00.000;;;;;;;;
71845;905;112128;2;218,454;0;436.908000;4AC896FA-31BF-46DC-9DED-56652060E36A;2008-06-01 00:00:00.000;;;;;;;;
71845;909;112141;8;23,484;0;187.872000;46A1C88A-CF3A-45EF-B6CE-8BD817E1553B;2008-06-01 00:00:00.000;;;;;;;;
71845;910;112144;2;31,584;0;63.168000;74988939-9B08-48B6-89BC-B2BAF823D33A;2008-06-01 00:00:00.000;;;;;;;;
71845;920;112136;2;158,43;0;316.860000;08A04E11-CDA0-4D3E-8675-514A0097CD65;2008-06-01 00:00:00.000;;;;;;;;
71845;924;112147;4;149,874;0;599.496000;DC8A797C-44E2-435F-836D-349B93107D43;2008-06-01 00:00:00.000;;;;;;;;
71845;925;112142;2;149,874;0;299.748000;4FC2F213-B5F0-4ACF-8948-209292A52DC9;2008-06-01 00:00:00.000;;;;;;;;
71845;937;112125;2;48,594;0;97.188000;19E76F92-20CF-49D6-9D54-C699F9E48FF3;2008-06-01 00:00:00.000;;;;;;;;
71845;944;112139;2;158,43;0;316.860000;AF14AB19-019B-44BA-AD76-248EE2A086B3;2008-06-01 00:00:00.000;;;;;;;;
71845;945;112123;1;54,894;0;54.894000;2A80C324-FDD4-4866-90ED-A023AA53C48C;2008-06-01 00:00:00.000;;;;;;;;
71845;948;112119;2;63,9;0;127.800000;3A8CD181-CF26-46F3-AD02-D8889ECB8AF4;2008-06-01 00:00:00.000;;;;;;;;
71845;949;112124;3;105,294;0;315.882000;A2C4EBA1-132B-42CE-8916-B55EC13F343B;2008-06-01 00:00:00.000;;;;;;;;
71845;951;112133;1;242,994;0;242.994000;A1D9629F-CDBE-4122-BCD8-F3190D8BBF26;2008-06-01 00:00:00.000;;;;;;;;
71845;952;112148;3;12,144;0;36.432000;FE78C429-1237-4B76-B709-88ABE25C9F21;2008-06-01 00:00:00.000;;;;;;;;
71845;988;112118;2;112,998;0,4;135.597600;6AB3B1F6-9144-4D4E-B13E-F531320E72A8;2008-06-01 00:00:00.000;;;;;;;;
71845;996;112145;3;72,894;0;218.682000;B26B5113-F4E3-4099-BEA0-1B92F27B1AB6;2008-06-01 00:00:00.000;;;;;;;;
71846;739;112150;1;818,7;0;818.700000;9A32772B-9B98-4B22-AA2B-F4E5FFD2A23E;2008-06-01 00:00:00.000;;;;;;;;
71846;936;112149;2;37,254;0;74.508000;7232FD67-8DB7-42F8-AD0D-6185299430F1;2008-06-01 00:00:00.000;;;;;;;;
71846;981;112152;2;461,694;0;923.388000;3A26F840-C413-4BEF-AEFF-B8D6218698E6;2008-06-01 00:00:00.000;;;;;;;;
71846;984;112151;1;112,998;0,4;67.798800;78557D82-1267-4F7C-93A7-E53AE2A3A85C;2008-06-01 00:00:00.000;;;;;;;;
71856;945;112332;1;54,894;0;54.894000;4733918F-DA34-4D30-B5B4-32F7537E609D;2008-06-01 00:00:00.000;;;;;;;;
71856;962;112331;1;445,41;0;445.410000;62B3D72F-3586-40AC-A24E-A6F07EB7CA4A;2008-06-01 00:00:00.000;;;;;;;;
71858;712;112375;3;5,394;0;16.182000;1DC5A90D-B949-464D-9615-59A31FC99D43;2008-06-01 00:00:00.000;;;;;;;;
71858;715;112362;2;29,994;0;59.988000;00AAEA22-FCC5-4DF2-9B2B-7B4BE5231D7F;2008-06-01 00:00:00.000;;;;;;;;
71858;877;112370;1;4,77;0;4.770000;61372F55-E0C1-48B6-9FFA-A19294B96FA9;2008-06-01 00:00:00.000;;;;;;;;
71858;883;112363;2;32,394;0;64.788000;462BC7D6-8CC7-4713-931C-7690019AB694;2008-06-01 00:00:00.000;;;;;;;;
71858;945;112368;1;54,894;0;54.894000;0CA930D8-078D-478A-B94D-D5F15BB07D02;2008-06-01 00:00:00.000;;;;;;;;
71858;948;112367;2;63,9;0;127.800000;48A6CEB9-C22B-4574-B9D4-088EDBF955C2;2008-06-01 00:00:00.000;;;;;;;;
71858;952;112366;1;12,144;0;12.144000;E7EFBA7E-F973-492F-BB76-CA5F185C629F;2008-06-01 00:00:00.000;;;;;;;;
71858;953;112361;1;728,91;0;728.910000;6781A019-346F-4F87-A8A3-4727A2528B2E;2008-06-01 00:00:00.000;;;;;;;;
71858;957;112364;1;1430,442;0;1430.442000;F3E626BC-A6AB-431E-AA58-E208D07039A5;2008-06-01 00:00:00.000;;;;;;;;
71858;958;112371;1;445,41;0;445.410000;8AD90B76-E54D-43C5-AB86-CF3ADA30699A;2008-06-01 00:00:00.000;;;;;;;;
71858;961;112373;2;445,41;0;890.820000;E6D7D002-C0B4-4D61-BC20-37B76F5D2100;2008-06-01 00:00:00.000;;;;;;;;
71858;962;112360;1;445,41;0;445.410000;F13ADC78-C384-40E9-9456-277A736625A8;2008-06-01 00:00:00.000;;;;;;;;
71858;965;112365;2;445,41;0;890.820000;835734AB-162B-40FE-84F2-8510C9A68A36;2008-06-01 00:00:00.000;;;;;;;;
71858;966;112374;2;1430,442;0;2860.884000;F6278AC8-8905-4B81-AF98-AB13B53438E9;2008-06-01 00:00:00.000;;;;;;;;
71858;969;112372;1;1430,442;0;1430.442000;7390968A-51BA-4EF1-810A-4FC528C299AD;2008-06-01 00:00:00.000;;;;;;;;
71858;972;112369;1;728,91;0;728.910000;EFE61DFF-2006-4EF0-B71E-7FF264555666;2008-06-01 00:00:00.000;;;;;;;;
71858;979;112359;3;445,41;0;1336.230000;D480D98B-7A82-4F10-83CC-1EEA54303ECF;2008-06-01 00:00:00.000;;;;;;;;
71863;711;112395;1;20,994;0;20.994000;78A6E36F-C8A7-42D7-BB3D-D0228BD380DC;2008-06-01 00:00:00.000;;;;;;;;
71863;874;112392;2;5,394;0;10.788000;54C630C8-28FF-4680-8A71-177AF05289DE;2008-06-01 00:00:00.000;;;;;;;;
71863;875;112391;11;5,2142;0,02;56.209076;A5B6A9C0-D946-41B4-B8B5-5833708E40F1;2008-06-01 00:00:00.000;;;;;;;;
71863;938;112397;2;24,294;0;48.588000;D64F8FC1-4C97-496D-927A-EE63E3267041;2008-06-01 00:00:00.000;;;;;;;;
71863;973;112394;1;1020,594;0;1020.594000;E70F8C24-1BAE-40C7-AC9E-0F344D73FBE4;2008-06-01 00:00:00.000;;;;;;;;
71863;998;112393;2;323,994;0;647.988000;6CD9CD06-ABDC-4702-A2D8-31158AFFFAE0;2008-06-01 00:00:00.000;;;;;;;;
71863;999;112396;3;323,994;0;971.982000;D9CC6A31-7CFF-485F-BB62-C92EFA59FD7C;2008-06-01 00:00:00.000;;;;;;;;
71867;717;112452;1;858,9;0;858.900000;4A001055-B1F1-414C-88B0-B583DACA838B;2008-06-01 00:00:00.000;;;;;;;;
71885;864;112646;3;38,1;0;114.300000;D4F591CF-EADE-4964-B9D7-E6A9332B0FBB;2008-06-01 00:00:00.000;;;;;;;;
71885;876;112644;3;72;0;216.000000;A2577A76-E272-49E3-B195-AD8492DDF924;2008-06-01 00:00:00.000;;;;;;;;
71885;884;112645;6;32,394;0;194.364000;5699D8A7-525E-491E-81BC-4BAC286EAD6A;2008-06-01 00:00:00.000;;;;;;;;
71895;715;112865;2;29,994;0;59.988000;960A75EF-4AE1-4772-B472-19F4202B30FA;2008-06-01 00:00:00.000;;;;;;;;
71895;864;112866;3;38,1;0;114.300000;61AB1AE2-6D87-494B-B89A-76067578EAB8;2008-06-01 00:00:00.000;;;;;;;;
71895;909;112864;2;23,484;0;46.968000;03821B63-8B09-40B2-9CDE-57F250734682;2008-06-01 00:00:00.000;;;;;;;;
71897;712;112902;4;5,394;0;21.576000;0A3DFF58-2DA3-4430-A1D9-B8592DB22B5B;2008-06-01 00:00:00.000;;;;;;;;
71897;864;112904;1;38,1;0;38.100000;ECE19CF9-7E88-4AC8-88E4-7B47F2EC1A77;2008-06-01 00:00:00.000;;;;;;;;
71897;884;112901;3;32,394;0;97.182000;0E449034-3815-4952-B7AB-8883687E5E3B;2008-06-01 00:00:00.000;;;;;;;;
71897;948;112905;1;63,9;0;63.900000;065A6EB9-8A87-41F7-8ABE-30FDF5E08E87;2008-06-01 00:00:00.000;;;;;;;;
71897;954;112903;2;1430,442;0;2860.884000;AAD85FB3-9F73-4531-BD84-5449266D0909;2008-06-01 00:00:00.000;;;;;;;;
71897;966;112898;1;1430,442;0;1430.442000;A101CF4E-EB6F-43BD-B4B2-9DFE8288929E;2008-06-01 00:00:00.000;;;;;;;;
71897;969;112900;3;1430,442;0;4291.326000;5178AA61-ACA4-4DEF-99AC-EF614BB5D5EA;2008-06-01 00:00:00.000;;;;;;;;
71897;979;112899;4;445,41;0;1781.640000;3CCC87C5-A8AF-4B86-8189-FA484FB0B534;2008-06-01 00:00:00.000;;;;;;;;
71898;889;112923;1;602,346;0;602.346000;5CA4F84A-BAFE-485C-B7AD-897F741F76CE;2008-06-01 00:00:00.000;;;;;;;;
71898;916;112926;3;31,584;0;94.752000;FBCD9EFD-97AC-4A2E-8E37-8956519EADB9;2008-06-01 00:00:00.000;;;;;;;;
71898;945;112920;3;54,894;0;164.682000;198A573C-B3E4-4CF5-BFA1-309BAE00D735;2008-06-01 00:00:00.000;;;;;;;;
71898;948;112927;1;63,9;0;63.900000;8E3024F1-3732-4121-91E6-69E69057DCA9;2008-06-01 00:00:00.000;;;;;;;;
71898;949;112918;4;105,294;0;421.176000;EB88F353-60BC-4F70-B7B6-AED5A2C39764;2008-06-01 00:00:00.000;;;;;;;;
71898;951;112929;3;242,994;0;728.982000;EDAAFADD-1974-4013-953C-FFA991F8AD06;2008-06-01 00:00:00.000;;;;;;;;
71898;952;112931;1;12,144;0;12.144000;A1F83341-9D19-4FE6-BC71-F7F717F92D2B;2008-06-01 00:00:00.000;;;;;;;;
71898;953;112922;2;728,91;0;1457.820000;84D31325-130D-47C0-8958-5310EB85F518;2008-06-01 00:00:00.000;;;;;;;;
71898;954;112930;3;1430,442;0;4291.326000;B2EB253F-ED64-4F38-85DC-11F8CA18867A;2008-06-01 00:00:00.000;;;;;;;;
71898;955;112924;1;1430,442;0;1430.442000;0A7C971A-D30F-4743-B2CA-5AD8DAABBF1B;2008-06-01 00:00:00.000;;;;;;;;
71898;956;112911;1;1430,442;0;1430.442000;785694CC-4D93-4AFB-97DB-D67C4A9A344A;2008-06-01 00:00:00.000;;;;;;;;
71898;958;112919;1;445,41;0;445.410000;B596F5B6-B07F-4AA3-943F-528436BDEBD0;2008-06-01 00:00:00.000;;;;;;;;
71898;959;112914;1;445,41;0;445.410000;BB18183B-5006-4FEA-AD25-5F61F936E8C7;2008-06-01 00:00:00.000;;;;;;;;
71898;960;112912;3;445,41;0;1336.230000;D63E1C95-390B-4BD3-AC1D-08D434AE4B59;2008-06-01 00:00:00.000;;;;;;;;
71898;961;112933;2;445,41;0;890.820000;E11CF974-4DCC-4A5C-98C3-2DE92DD2A15D;2008-06-01 00:00:00.000;;;;;;;;
71898;964;112925;3;445,41;0;1336.230000;DAD93612-0446-4393-8981-36F6E1CC2E8A;2008-06-01 00:00:00.000;;;;;;;;
71898;965;112932;5;445,41;0;2227.050000;3C97F6BD-91EC-4C84-9636-E088B415EE51;2008-06-01 00:00:00.000;;;;;;;;
71898;966;112916;3;1430,442;0;4291.326000;4791D9DF-BFE6-46FF-8D6C-9AF903B3D391;2008-06-01 00:00:00.000;;;;;;;;
71898;967;112909;6;1430,442;0;8582.652000;F97BC897-377F-465A-A3DB-31D360E360EF;2008-06-01 00:00:00.000;;;;;;;;
71898;968;112915;4;1430,442;0;5721.768000;DDD89C33-48A8-402E-98E3-D1672FA1AB15;2008-06-01 00:00:00.000;;;;;;;;
71898;969;112906;3;1430,442;0;4291.326000;F4048A1B-C520-4A15-9C05-EFBF4253F7EE;2008-06-01 00:00:00.000;;;;;;;;
71898;970;112910;3;728,91;0;2186.730000;4778038A-7634-44FF-9D24-91B1E4B50A4C;2008-06-01 00:00:00.000;;;;;;;;
71898;971;112921;5;728,91;0;3644.550000;C28A061D-3E89-487A-99AE-17BE169C6AD3;2008-06-01 00:00:00.000;;;;;;;;
71898;972;112917;5;728,91;0;3644.550000;905ADD5B-C258-4A0D-AFAB-CBDFBA6B25F1;2008-06-01 00:00:00.000;;;;;;;;
71898;978;112907;4;445,41;0;1781.640000;1AE7FCCB-B9AA-4A2C-A199-7D6D61A7DB47;2008-06-01 00:00:00.000;;;;;;;;
71898;979;112928;3;445,41;0;1336.230000;99FADF0A-60B8-4F2F-B3A7-16BBD2435796;2008-06-01 00:00:00.000;;;;;;;;
71898;994;112913;3;32,394;0;97.182000;6338D54E-5983-4139-A3B4-6CCE783B99F8;2008-06-01 00:00:00.000;;;;;;;;
71898;996;112908;4;72,894;0;291.576000;3D7660F5-B76F-4E68-8508-BF84B9C26317;2008-06-01 00:00:00.000;;;;;;;;
71899;714;112939;2;29,994;0;59.988000;8EC0CD34-88BF-48CB-ADBE-511D82315647;2008-06-01 00:00:00.000;;;;;;;;
71899;743;112937;1;809,76;0;809.760000;720691A3-F983-4C72-BCA1-BAABF1D24914;2008-06-01 00:00:00.000;;;;;;;;
71899;808;112938;1;26,724;0;26.724000;D88CC408-801C-4E08-B2D2-5BAD00178F10;2008-06-01 00:00:00.000;;;;;;;;
71899;881;112934;2;32,394;0;64.788000;F36B652A-E1DA-4CC2-ACCC-25ADE6F5B44C;2008-06-01 00:00:00.000;;;;;;;;
71899;937;112941;1;48,594;0;48.594000;69EFDBDE-3ED6-4654-B6C8-0EBFE4070B08;2008-06-01 00:00:00.000;;;;;;;;
71899;944;112940;2;158,43;0;316.860000;6779A375-6DA6-40B0-B740-31C9A0974C98;2008-06-01 00:00:00.000;;;;;;;;
71899;981;112936;1;461,694;0;461.694000;95E3C4A3-C37B-48F7-A362-79A42C4C5AB9;2008-06-01 00:00:00.000;;;;;;;;
71899;988;112935;1;112,998;0,4;67.798800;5093928D-08C4-44EA-BCC2-8E392C652D5C;2008-06-01 00:00:00.000;;;;;;;;
71902;707;112980;2;20,994;0;41.988000;212B53D0-3779-4FE6-B886-8DDA35E8C81A;2008-06-01 00:00:00.000;;;;;;;;
71902;708;112988;4;20,994;0;83.976000;D1304741-D1CB-4594-AE1A-9E794699E447;2008-06-01 00:00:00.000;;;;;;;;
71902;711;112995;7;20,994;0;146.958000;4B4F24A7-6007-497D-8026-3325412855FF;2008-06-01 00:00:00.000;;;;;;;;
71902;712;112962;3;5,394;0;16.182000;F1F4A541-E3AD-4C02-ABB8-A630B1176002;2008-06-01 00:00:00.000;;;;;;;;
71902;714;112976;3;29,994;0;89.982000;89639F66-7BC7-456D-BDF5-0DBB55BD5A20;2008-06-01 00:00:00.000;;;;;;;;
71902;715;112967;3;29,994;0;89.982000;47433AFF-C5A3-48D5-A7D5-5BF6D4D3010A;2008-06-01 00:00:00.000;;;;;;;;
71902;748;112997;7;818,7;0;5730.900000;F4876C84-DFC4-4405-8D02-9E2645CECD05;2008-06-01 00:00:00.000;;;;;;;;
71902;779;112989;3;1391,994;0;4175.982000;EC3B8E1A-B21E-4C5D-A63F-7A5ED4305FCA;2008-06-01 00:00:00.000;;;;;;;;
71902;780;112953;5;1391,994;0;6959.970000;D87846F2-7F8A-4873-B957-B0CF08AB7B42;2008-06-01 00:00:00.000;;;;;;;;
71902;781;112958;5;1391,994;0;6959.970000;912C572F-808F-4328-9B19-E9970D4CD78A;2008-06-01 00:00:00.000;;;;;;;;
71902;782;112972;8;1376,994;0;11015.952000;0A47C60C-01B1-4354-8F74-1449929DD118;2008-06-01 00:00:00.000;;;;;;;;
71902;783;112957;7;1376,994;0;9638.958000;BFDE6FF0-E6FD-488A-AA78-C06C85686878;2008-06-01 00:00:00.000;;;;;;;;
71902;784;112973;2;1376,994;0;2753.988000;6F70D41D-8CBF-4364-833C-77C0B7014246;2008-06-01 00:00:00.000;;;;;;;;
71902;809;112984;2;37,152;0;74.304000;EF76F770-C6FC-4417-B84B-27F3EBD55265;2008-06-01 00:00:00.000;;;;;;;;
71902;810;112974;1;72,162;0;72.162000;79F49A8F-7F7B-459C-B8CB-3331E83803A9;2008-06-01 00:00:00.000;;;;;;;;
71902;859;112959;2;14,694;0;29.388000;460D0EA3-C6B0-40F4-BC16-88DF7913F56F;2008-06-01 00:00:00.000;;;;;;;;
71902;864;112982;6;38,1;0;228.600000;5237EA9E-09F6-4B3B-9ED2-DC7D42149A5A;2008-06-01 00:00:00.000;;;;;;;;
71902;865;113002;6;38,1;0;228.600000;DA8F6556-76DE-42AD-8A9A-9664B87B3078;2008-06-01 00:00:00.000;;;;;;;;
71902;867;112983;7;41,994;0;293.958000;64242BE0-A1C4-473D-B34B-E2B9D8DB3A8B;2008-06-01 00:00:00.000;;;;;;;;
71902;869;112960;7;41,994;0;293.958000;9054E260-B941-47A7-8FC9-A59E4E5CE74F;2008-06-01 00:00:00.000;;;;;;;;
71902;870;112977;7;2,994;0;20.958000;3730D783-97D7-4E3D-8B70-1F0159565D4D;2008-06-01 00:00:00.000;;;;;;;;
71902;876;112978;4;72;0;288.000000;7C17713B-9924-4AEE-8F84-BEE799FD4722;2008-06-01 00:00:00.000;;;;;;;;
71902;877;112979;5;4,77;0;23.850000;8D6E8186-184B-4DB1-81F7-57433979C931;2008-06-01 00:00:00.000;;;;;;;;
71902;880;112986;5;32,994;0;164.970000;50D440AE-4E4A-469A-BE69-95E238392B28;2008-06-01 00:00:00.000;;;;;;;;
71902;881;112993;2;32,394;0;64.788000;7ADD4116-51D9-4742-8DAD-C298E3ECC1EA;2008-06-01 00:00:00.000;;;;;;;;
71902;883;112991;5;32,394;0;161.970000;5C7825F8-AA47-4C4D-8967-2CE6C0DBF848;2008-06-01 00:00:00.000;;;;;;;;
71902;884;112998;5;32,394;0;161.970000;2BC75480-60DA-4E31-B776-F7BBEF432C16;2008-06-01 00:00:00.000;;;;;;;;
71902;904;112955;1;218,454;0;218.454000;17A34BCB-5542-4F94-B709-3A20E6E2D811;2008-06-01 00:00:00.000;;;;;;;;
71902;905;113000;3;218,454;0;655.362000;3ADAF197-93F2-433B-BC8A-35FA25FE4172;2008-06-01 00:00:00.000;;;;;;;;
71902;908;112961;2;16,272;0;32.544000;06F6B747-FD45-4D42-90F5-333489C3189F;2008-06-01 00:00:00.000;;;;;;;;
71902;910;112992;1;31,584;0;31.584000;5DCCE359-9296-4E50-88ED-0FB20F7C39BB;2008-06-01 00:00:00.000;;;;;;;;
71902;918;112999;2;158,43;0;316.860000;A4701E96-2541-4A35-902F-F241F9D79C9D;2008-06-01 00:00:00.000;;;;;;;;
71902;925;112963;1;149,874;0;149.874000;7E476DE8-D4B9-4F25-9107-9629C5D3BC15;2008-06-01 00:00:00.000;;;;;;;;
71902;926;112975;1;149,874;0;149.874000;F2064E41-044A-4A42-9342-FB45BE83EB88;2008-06-01 00:00:00.000;;;;;;;;
71902;935;112968;4;24,294;0;97.176000;94ECE99C-0A6D-4A2E-BDDD-4468841E754B;2008-06-01 00:00:00.000;;;;;;;;
71902;936;112987;1;37,254;0;37.254000;F98582C9-3C42-4AD1-8D30-B99FCAC7EB20;2008-06-01 00:00:00.000;;;;;;;;
71902;937;112964;2;48,594;0;97.188000;0AB7DDCA-DB76-4A1E-9ACA-4509A63ECFEA;2008-06-01 00:00:00.000;;;;;;;;
71902;980;112966;3;461,694;0;1385.082000;F146012F-1385-4BAB-94AA-87C0B98CE494;2008-06-01 00:00:00.000;;;;;;;;
71902;981;112954;2;461,694;0;923.388000;E166159A-D1C1-448E-A5B1-CDFB19A39C2E;2008-06-01 00:00:00.000;;;;;;;;
71902;982;112971;2;461,694;0;923.388000;C5DB243B-4B7E-4B4C-9D31-0D0CFD9472DB;2008-06-01 00:00:00.000;;;;;;;;
71902;983;113001;4;461,694;0;1846.776000;C58FD8F6-FCBC-4A9A-8919-858DB6709CE3;2008-06-01 00:00:00.000;;;;;;;;
71902;984;112970;4;112,998;0,4;271.195200;163C96AB-42C9-411C-B8C5-58900E75A3E7;2008-06-01 00:00:00.000;;;;;;;;
71902;985;112994;5;112,998;0,4;338.994000;A4BB8550-9D18-4837-9944-92DF955382B8;2008-06-01 00:00:00.000;;;;;;;;
71902;986;112996;1;112,998;0,4;67.798800;A86E4946-B7DB-4577-A236-9200FBFDB473;2008-06-01 00:00:00.000;;;;;;;;
71902;987;112956;1;112,998;0,4;67.798800;0FEE9397-5DB3-46AA-AE1B-4AB85321F56A;2008-06-01 00:00:00.000;;;;;;;;
71902;988;112985;3;112,998;0,4;203.396400;09E7A695-3260-483E-91F8-A980441B9DD6;2008-06-01 00:00:00.000;;;;;;;;
71902;989;112969;1;323,994;0;323.994000;BD01D5A2-1626-4BD4-9B62-CE1C96603731;2008-06-01 00:00:00.000;;;;;;;;
71902;991;112990;2;323,994;0;647.988000;7A5DEF9C-3416-4403-8A59-459E054D73FC;2008-06-01 00:00:00.000;;;;;;;;
71902;992;112965;3;323,994;0;971.982000;775B1BD0-00B8-45A6-A16B-A26438868755;2008-06-01 00:00:00.000;;;;;;;;
71902;993;112981;1;323,994;0;323.994000;252017A4-E2C0-4E3E-A6AD-ABDFD8DE5108;2008-06-01 00:00:00.000;;;;;;;;
71915;738;113090;2;202,332;0;404.664000;C3888ABC-6C37-44F8-95C2-C014F4A8B999;2008-06-01 00:00:00.000;;;;;;;;
71915;836;113089;3;356,898;0;1070.694000;AA3C697D-653D-4D79-B824-B92672FE8B9E;2008-06-01 00:00:00.000;;;;;;;;
71915;938;113091;4;24,294;0;97.176000;8176ABDE-BA97-4615-975B-E8FE6287C1D4;2008-06-01 00:00:00.000;;;;;;;;
71915;939;113092;3;37,254;0;111.762000;F36A30A7-8D42-456C-B69F-9886545954D9;2008-06-01 00:00:00.000;;;;;;;;
71915;940;113093;1;48,594;0;48.594000;D97C6CED-940A-4A42-A65D-6C6F5397EEBF;2008-06-01 00:00:00.000;;;;;;;;
71917;875;113100;7;5,394;0;37.758000;4BB98B71-6294-41E4-9413-D9DDE375CA5D;2008-06-01 00:00:00.000;;;;;;;;
71920;864;113143;3;38,1;0;114.300000;DC08D140-4146-4137-A2FD-950F9E783A1B;2008-06-01 00:00:00.000;;;;;;;;
71920;876;113144;1;72;0;72.000000;988E64D9-7DB3-4613-A379-CABA1EF8F752;2008-06-01 00:00:00.000;;;;;;;;
71920;884;113142;7;32,394;0;226.758000;8A1D6FAD-637B-4088-81BD-4F8E3E8BAF16;2008-06-01 00:00:00.000;;;;;;;;
71920;938;113140;3;24,294;0;72.882000;1DA9EF0C-F53B-41B9-BCE5-F5B6A379A141;2008-06-01 00:00:00.000;;;;;;;;
71920;973;113139;1;1020,594;0;1020.594000;DED76307-D4F3-404F-96FE-43087F1DEB35;2008-06-01 00:00:00.000;;;;;;;;
71920;976;113141;1;1020,594;0;1020.594000;5B5EAF22-87A1-430F-90BA-EE722D285694;2008-06-01 00:00:00.000;;;;;;;;
71923;870;113152;1;2,994;0;2.994000;EF4F992E-9FD3-4F31-A5A8-E3846DE82290;2008-06-01 00:00:00.000;;;;;;;;
71923;874;113153;4;5,394;0;21.576000;DBD6974D-A99B-42AA-8EC0-9CDFF8657AA7;2008-06-01 00:00:00.000;;;;;;;;
71923;875;113154;14;5,2142;0,02;71.538824;C13BEDEC-B48C-4FC6-AD8E-4C6689EEDB48;2008-06-01 00:00:00.000;;;;;;;;
71935;874;113219;3;5,394;0;16.182000;040CB9C0-2438-471E-8749-82ADAD28B256;2008-06-01 00:00:00.000;;;;;;;;
71935;875;113224;13;5,2142;0,02;66.428908;3C4E9E2D-F15F-4D2A-8155-AB8C21B4F540;2008-06-01 00:00:00.000;;;;;;;;
71935;938;113220;1;24,294;0;24.294000;4E1898FF-672D-4A55-B3C0-CE524B17364C;2008-06-01 00:00:00.000;;;;;;;;
71935;973;113221;3;1020,594;0;3061.782000;FEBA8A52-DD90-4986-AADE-45DA31521226;2008-06-01 00:00:00.000;;;;;;;;
71935;976;113222;2;1020,594;0;2041.188000;22CDFAF4-D15D-4301-8066-5FA1ABFCF987;2008-06-01 00:00:00.000;;;;;;;;
71935;998;113223;1;323,994;0;323.994000;A6E8D782-457A-413E-8ED9-ED74F8353CD9;2008-06-01 00:00:00.000;;;;;;;;
71936;707;113228;1;20,994;0;20.994000;B1A85C0F-2891-4412-B866-DAD7F0B35796;2008-06-01 00:00:00.000;;;;;;;;
71936;739;113261;5;818,7;0;4093.500000;E8E72212-63B5-4456-882C-EFA2560C655C;2008-06-01 00:00:00.000;;;;;;;;
71936;742;113268;7;818,7;0;5730.900000;F0BA94E6-F0B3-4A55-9091-60C797950FF1;2008-06-01 00:00:00.000;;;;;;;;
71936;743;113260;4;809,76;0;3239.040000;60C0ECC9-3F6C-4C08-8DC5-C45A07DDB50F;2008-06-01 00:00:00.000;;;;;;;;
71936;747;113235;4;809,76;0;3239.040000;C0AE4496-D051-4F21-80EF-141AF9CFA5EB;2008-06-01 00:00:00.000;;;;;;;;
71936;748;113242;5;818,7;0;4093.500000;67605E69-CA8E-4471-A9EF-5D673B823919;2008-06-01 00:00:00.000;;;;;;;;
71936;779;113245;4;1391,994;0;5567.976000;4AC5AD5E-E0F0-4A70-AE6B-CE200178E737;2008-06-01 00:00:00.000;;;;;;;;
71936;780;113233;3;1391,994;0;4175.982000;AFCDC337-6775-486C-BD57-2E2729931857;2008-06-01 00:00:00.000;;;;;;;;
71936;781;113265;4;1391,994;0;5567.976000;0415BEF2-9BAB-4E5C-9969-C2732D00934A;2008-06-01 00:00:00.000;;;;;;;;
71936;782;113246;8;1376,994;0;11015.952000;F8D766DF-BF52-4035-9471-A530C2B56417;2008-06-01 00:00:00.000;;;;;;;;
71936;783;113240;10;1376,994;0;13769.940000;E30EA1FB-B08D-43BB-9A15-B6986843B5B4;2008-06-01 00:00:00.000;;;;;;;;
71936;784;113241;5;1376,994;0;6884.970000;F238261C-B9D4-40E7-9C98-759E95356EB5;2008-06-01 00:00:00.000;;;;;;;;
71936;808;113230;4;26,724;0;106.896000;67EB5E24-9231-4656-B19D-27998D6D707D;2008-06-01 00:00:00.000;;;;;;;;
71936;809;113263;5;37,152;0;185.760000;35578B52-DDDB-44C6-917C-A9EF90BD8A71;2008-06-01 00:00:00.000;;;;;;;;
71936;860;113255;6;14,694;0;88.164000;104E28AD-A3BC-4DAC-AE92-B5A5DD122CF9;2008-06-01 00:00:00.000;;;;;;;;
71936;867;113236;14;40,5942;0,02;556.952424;59BEA0EC-82E3-4E0A-B1A6-5B9A3C1A6FDE;2008-06-01 00:00:00.000;;;;;;;;
71936;868;113266;4;41,994;0;167.976000;E0F7DC39-CC81-4772-BA44-73B5ED6EF339;2008-06-01 00:00:00.000;;;;;;;;
71936;869;113247;8;41,994;0;335.952000;7C317B19-9D14-4B2F-99D5-21870E899106;2008-06-01 00:00:00.000;;;;;;;;
71936;894;113244;5;72,876;0;364.380000;174A0011-0CD4-44CE-952B-CEA83042A4C9;2008-06-01 00:00:00.000;;;;;;;;
71936;904;113264;2;218,454;0;436.908000;2000D44E-0E7C-4FBA-96D9-55D18727DB36;2008-06-01 00:00:00.000;;;;;;;;
71936;905;113234;2;218,454;0;436.908000;49FB0E07-067C-4426-9718-90B4DE97BBA1;2008-06-01 00:00:00.000;;;;;;;;
71936;908;113258;3;16,272;0;48.816000;1E23A432-F5BB-43A0-AC92-2B1E7C950A72;2008-06-01 00:00:00.000;;;;;;;;
71936;909;113270;6;23,484;0;140.904000;505672C0-9AF6-4B59-A1C1-8F38198306BF;2008-06-01 00:00:00.000;;;;;;;;
71936;910;113251;3;31,584;0;94.752000;B5ED275F-49ED-4F4B-B3A7-48B9CF8DD9BE;2008-06-01 00:00:00.000;;;;;;;;
71936;917;113252;2;158,43;0;316.860000;8B718B1F-AE37-4D80-B1FB-AFEFA0FFF6E1;2008-06-01 00:00:00.000;;;;;;;;
71936;918;113259;1;158,43;0;158.430000;D974FA30-9E36-45F9-9985-1A1105CA87CD;2008-06-01 00:00:00.000;;;;;;;;
71936;924;113239;5;149,874;0;749.370000;D4EE51CF-E27F-435F-AE5B-2CD7B7DD49AE;2008-06-01 00:00:00.000;;;;;;;;
71936;925;113257;6;149,874;0;899.244000;F186EC8C-C220-45F5-B2F1-A71F776DE245;2008-06-01 00:00:00.000;;;;;;;;
71936;926;113229;1;149,874;0;149.874000;B9961E3A-66A8-466F-941B-14A6858E1EB3;2008-06-01 00:00:00.000;;;;;;;;
71936;935;113237;3;24,294;0;72.882000;88D401B9-71D2-42D0-ABD2-0B2E9FD92A05;2008-06-01 00:00:00.000;;;;;;;;
71936;936;113269;2;37,254;0;74.508000;059CDC00-5C89-4D66-B7BB-E20A777DA63A;2008-06-01 00:00:00.000;;;;;;;;
71936;937;113250;5;48,594;0;242.970000;3FDA5638-56EA-411A-A131-01CF7AC0D771;2008-06-01 00:00:00.000;;;;;;;;
71936;944;113225;3;158,43;0;475.290000;4DB061B0-EDE3-420B-B998-ACD51E94646A;2008-06-01 00:00:00.000;;;;;;;;
71936;945;113238;5;54,894;0;274.470000;3CED642F-CE77-4DCE-9F38-3BABC74761E1;2008-06-01 00:00:00.000;;;;;;;;
71936;948;113256;4;63,9;0;255.600000;409BC176-624A-4B03-B400-6A781A689213;2008-06-01 00:00:00.000;;;;;;;;
71936;949;113249;3;105,294;0;315.882000;07E3F54B-AE6B-4384-8F47-DBE2C153BDC0;2008-06-01 00:00:00.000;;;;;;;;
71936;951;113232;6;242,994;0;1457.964000;0B908C0C-DBEE-485A-B45B-52E3D0F789F2;2008-06-01 00:00:00.000;;;;;;;;
71936;952;113248;3;12,144;0;36.432000;12E5AC5B-C887-46E6-8B09-E09203100879;2008-06-01 00:00:00.000;;;;;;;;
71936;981;113243;2;461,694;0;923.388000;8DCC225D-27E8-4BF1-9A51-AF1A25C6EB7C;2008-06-01 00:00:00.000;;;;;;;;
71936;984;113254;1;112,998;0,4;67.798800;7D17325C-F7F4-4C3B-AF45-3759E79BE956;2008-06-01 00:00:00.000;;;;;;;;
71936;985;113226;4;112,998;0,4;271.195200;6DF0630C-72A7-4313-B23C-7CD5B7B9E2B2;2008-06-01 00:00:00.000;;;;;;;;
71936;987;113262;2;112,998;0,4;135.597600;86838275-4711-435C-8EF9-9FE4924B47D9;2008-06-01 00:00:00.000;;;;;;;;
71936;988;113267;5;112,998;0,4;338.994000;FB4C7E71-F938-4724-AB4A-6A35CCDF8CAE;2008-06-01 00:00:00.000;;;;;;;;
71936;992;113231;5;323,994;0;1619.970000;B8ACC9DC-2442-429C-B523-34CA3453E3B8;2008-06-01 00:00:00.000;;;;;;;;
71936;994;113253;3;32,394;0;97.182000;9A169C16-6718-472B-9B8E-F08287ADE9B1;2008-06-01 00:00:00.000;;;;;;;;
71936;996;113227;4;72,894;0;291.576000;59CDB581-D059-4E2F-80B2-4FA82FD61BD5;2008-06-01 00:00:00.000;;;;;;;;
71938;707;113278;3;20,994;0;62.982000;E000AFD3-CCD5-43E8-A10F-B29EC9CAEAED;2008-06-01 00:00:00.000;;;;;;;;
71938;708;113295;5;20,994;0;104.970000;964B3375-8EE7-46C6-8149-FB72FC2E267B;2008-06-01 00:00:00.000;;;;;;;;
71938;711;113282;3;20,994;0;62.982000;C01D83F5-CF9A-42E6-967C-D6ECC3A59B49;2008-06-01 00:00:00.000;;;;;;;;
71938;712;113283;1;5,394;0;5.394000;23A06D81-FC31-45F6-A969-A224FCE4F713;2008-06-01 00:00:00.000;;;;;;;;
71938;714;113290;2;29,994;0;59.988000;87A4EC8D-B4F3-4D27-B025-FC416D8CB7D0;2008-06-01 00:00:00.000;;;;;;;;
71938;715;113312;3;29,994;0;89.982000;64FBAAAB-9400-4664-ADD7-97115B75B27B;2008-06-01 00:00:00.000;;;;;;;;
71938;738;113297;3;202,332;0;606.996000;64EF2A38-A413-406E-A514-6CF142F25AC6;2008-06-01 00:00:00.000;;;;;;;;
71938;792;113285;3;1466,01;0;4398.030000;375A2DF5-72C6-44CD-8789-30EEBF0E5B86;2008-06-01 00:00:00.000;;;;;;;;
71938;793;113305;3;1466,01;0;4398.030000;4B32E728-ACDD-47F7-A2B0-1E4ADC606E7F;2008-06-01 00:00:00.000;;;;;;;;
71938;794;113310;7;1466,01;0;10262.070000;4BC1AD3F-F801-49DF-B805-6B67D52952FF;2008-06-01 00:00:00.000;;;;;;;;
71938;795;113301;6;1466,01;0;8796.060000;05A28311-9869-486B-BA7B-539517A25F97;2008-06-01 00:00:00.000;;;;;;;;
71938;796;113294;3;1466,01;0;4398.030000;1618C9DC-78A0-4936-B89A-C2466681C11F;2008-06-01 00:00:00.000;;;;;;;;
71938;797;113306;5;672,294;0;3361.470000;CF099A40-BB51-40B1-9FE1-F47A0DE2A342;2008-06-01 00:00:00.000;;;;;;;;
71938;798;113287;5;672,294;0;3361.470000;E4931D3E-3865-45D5-AD17-1ECC69F8ED52;2008-06-01 00:00:00.000;;;;;;;;
71938;799;113288;4;672,294;0;2689.176000;C9FCF326-D1B9-44A4-B29D-2D1888F6B0FD;2008-06-01 00:00:00.000;;;;;;;;
71938;800;113315;3;672,294;0;2016.882000;78F73142-E566-453F-A2B9-88A0FCAF4552;2008-06-01 00:00:00.000;;;;;;;;
71938;801;113309;5;672,294;0;3361.470000;B80C355F-E9A2-4307-8EE0-3AB7F95C8542;2008-06-01 00:00:00.000;;;;;;;;
71938;813;113279;1;72,162;0;72.162000;9D987E75-E96D-4903-BE36-0CE579A6F47B;2008-06-01 00:00:00.000;;;;;;;;
71938;835;113276;2;356,898;0;713.796000;7D738F6B-9825-4FD3-9D21-F703CBCED4F4;2008-06-01 00:00:00.000;;;;;;;;
71938;859;113303;2;14,694;0;29.388000;E7C11996-8D83-4515-BFBD-7E380CDB6252;2008-06-01 00:00:00.000;;;;;;;;
71938;864;113289;4;38,1;0;152.400000;11E8E6A3-EB52-45CA-A51C-3F1FC7A2F272;2008-06-01 00:00:00.000;;;;;;;;
71938;865;113296;5;38,1;0;190.500000;97AE3231-5A4D-4988-9EE5-A33971AAF34D;2008-06-01 00:00:00.000;;;;;;;;
71938;870;113300;8;2,994;0;23.952000;EFBD0F32-CACC-4429-9477-DA43F9A04348;2008-06-01 00:00:00.000;;;;;;;;
71938;874;113302;4;5,394;0;21.576000;DD5E62B4-0457-457F-8307-82F5C1EEE470;2008-06-01 00:00:00.000;;;;;;;;
71938;875;113314;2;5,394;0;10.788000;352D06E9-8456-4966-9C73-3F227B023962;2008-06-01 00:00:00.000;;;;;;;;
71938;876;113275;3;72;0;216.000000;AC17EB2E-C4B8-44BA-9799-6F814C84E400;2008-06-01 00:00:00.000;;;;;;;;
71938;877;113293;6;4,77;0;28.620000;B3DD9942-1C2E-4B0E-9B30-DEA600B36D0D;2008-06-01 00:00:00.000;;;;;;;;
71938;880;113307;7;32,994;0;230.958000;F003AED8-258B-4234-83BC-EF7516E5B90F;2008-06-01 00:00:00.000;;;;;;;;
71938;881;113313;1;32,394;0;32.394000;67D4E5D4-9629-49A6-A6E0-9E1C4CDEE3DE;2008-06-01 00:00:00.000;;;;;;;;
71938;883;113298;3;32,394;0;97.182000;2DDEBB25-330D-4361-A774-CA44D29D1E05;2008-06-01 00:00:00.000;;;;;;;;
71938;884;113281;5;32,394;0;161.970000;EADB5FC1-5744-4A62-825C-406B7F8720A3;2008-06-01 00:00:00.000;;;;;;;;
71938;938;113280;5;24,294;0;121.470000;5A1CAEAF-6394-432D-906F-B0826D629C65;2008-06-01 00:00:00.000;;;;;;;;
71938;939;113311;6;37,254;0;223.524000;729832FE-0FDC-449D-A720-F2A96E03B392;2008-06-01 00:00:00.000;;;;;;;;
71938;940;113284;5;48,594;0;242.970000;D9D2A6AD-347A-4C99-85A0-F6F037A3A683;2008-06-01 00:00:00.000;;;;;;;;
71938;973;113274;5;1020,594;0;5102.970000;74D8A174-0FBA-421B-ABE3-B54C728A1A95;2008-06-01 00:00:00.000;;;;;;;;
71938;974;113277;3;1020,594;0;3061.782000;9B9A0C77-1B13-4411-9DD0-26027FAEB98C;2008-06-01 00:00:00.000;;;;;;;;
71938;975;113304;5;1020,594;0;5102.970000;3304DCA0-A7A4-43B5-99A2-8C810F7A7161;2008-06-01 00:00:00.000;;;;;;;;
71938;976;113286;5;1020,594;0;5102.970000;D8261319-F5FF-4DAA-8698-5A68C2141F61;2008-06-01 00:00:00.000;;;;;;;;
71938;977;113308;4;323,994;0;1295.976000;E295D970-DBB5-4962-AAB5-C836A8953276;2008-06-01 00:00:00.000;;;;;;;;
71938;997;113299;3;323,994;0;971.982000;0ACDEADE-29A9-465D-923B-41CC21ECF57B;2008-06-01 00:00:00.000;;;;;;;;
71938;998;113292;5;323,994;0;1619.970000;2D0316BD-074D-4F2E-88A5-4E56F84562CD;2008-06-01 00:00:00.000;;;;;;;;
71938;999;113291;4;323,994;0;1295.976000;2947CA98-A4F4-4554-B725-9C2CD3592916;2008-06-01 00:00:00.000;;;;;;;;
71946;916;113406;1;31,584;0;31.584000;B571CEE0-A90A-4E76-9796-379B55352A28;2008-06-01 00:00:00.000;;;;;;;;
